timestamp,signal_timestamp,pair,side,quantity,price,notional,fee,reason
1740789600.0,1740789599.999999,ETH/USD,BUY,0.896719,2230.3509127899997,1999.9980401661358,1.9999980401661357,ridge_entry
1740789900.0,1740789899.999999,ETH/USD,BUY,0.896796,2230.160703771,1999.999198499018,1.999999198499018,ridge_entry
1740790200.0,1740790199.999999,ETH/USD,BUY,0.897203,2229.1495926699995,1999.9997019923014,1.9999997019923015,ridge_entry
1740790500.0,1740790499.999999,ETH/USD,BUY,0.899874,2222.532321009,1999.9990498356528,1.9999990498356528,ridge_entry
1740790800.0,1740790799.999999,ETH/USD,BUY,0.901466,2218.608008617,1999.9996870959326,1.9999996870959327,ridge_entry
1740791100.0,1740791099.999999,ETH/USD,BUY,0.901575,2218.33771159,1999.9978223267542,1.9999978223267543,ridge_entry
1740791400.0,1740791399.999999,ETH/USD,BUY,0.901331,2218.9383716499997,1999.9979414576658,1.9999979414576659,ridge_entry
1740791700.0,1740791699.999999,ETH/USD,BUY,0.899906,2222.452233001,1999.998099190998,1.999998099190998,ridge_entry
1740792000.0,1740791999.999999,ETH/USD,BUY,0.897973,2227.237491479,1999.999131935872,1.9999991319358719,ridge_entry
1740792600.0,1740792599.999999,ETH/USD,BUY,0.899335,2223.863784142,1999.9985363113456,1.9999985363113455,ridge_entry
1740792900.0,1740792899.999999,ETH/USD,SELL,0.899211,2224.170940662,1999.9989757236174,1.9999989757236174,ridge_exit
1740793200.0,1740793199.999999,ETH/USD,SELL,0.898368,2226.2586418710002,1999.999523580367,1.999999523580367,ridge_exit
1740793500.0,1740793499.999999,ETH/USD,SELL,0.894603,2235.628324809,1999.9998062591058,1.9999998062591058,ridge_exit
1740793800.0,1740793799.999999,ETH/USD,SELL,0.893019,2239.593958206,1999.9999569631639,1.999999956963164,ridge_exit
1740794100.0,1740794099.999999,ETH/USD,SELL,0.88997,2247.2655109739994,1999.9988868015303,1.9999988868015304,ridge_exit
1740794400.0,1740794399.999999,ETH/USD,SELL,0.888603,2250.7217053199997,1999.9980595124678,1.9999980595124678,ridge_exit
1740794700.0,1740794699.999999,ETH/USD,SELL,0.8928,2240.1433532610004,1999.9999857914213,1.9999999857914212,ridge_exit
1740795000.0,1740794999.999999,ETH/USD,SELL,0.892509,2240.872550334,1999.998919026048,1.999998919026048,ridge_exit
1740795300.0,1740795299.999999,ETH/USD,SELL,0.887981,2252.2999674780003,1999.9995774210822,1.9999995774210824,ridge_exit
1740795600.0,1740795599.999999,ETH/USD,SELL,0.889472,2248.5241250999998,1999.999250600947,1.9999992506009472,ridge_exit
1740836100.0,1740836099.999999,ETH/USD,BUY,0.927398,2156.5698354199994,1999.9985522288366,1.9999985522288366,ridge_entry
1740836400.0,1740836399.999999,ETH/USD,BUY,0.92826,2154.56763522,1999.998953069317,1.999998953069317,ridge_entry
1740836700.0,1740836699.999999,ETH/USD,BUY,0.927919,2155.3585042989994,1999.9981079506233,1.9999981079506233,ridge_entry
1740837000.0,1740836999.999999,ETH/USD,BUY,0.930422,2149.5621347199994,1999.9999005104512,1.9999999005104512,ridge_entry
1740837300.0,1740837299.999999,ETH/USD,BUY,0.930729,2148.8513536489995,1999.9982715303797,1.9999982715303797,ridge_entry
1740837600.0,1740837599.999999,ETH/USD,BUY,0.928044,2155.0681852699995,1999.9980989307114,1.9999980989307116,ridge_entry
1740837900.0,1740837899.999999,ETH/USD,BUY,0.927613,2156.0692853699993,1999.9978980099213,1.9999978980099213,ridge_entry
1740838200.0,1740838199.999999,ETH/USD,BUY,0.927256,2156.9001984529996,1999.9986504167346,1.9999986504167346,ridge_entry
1740842700.0,1740842699.999999,ETH/USD,BUY,0.920947,2171.676435929,1999.9988986395047,1.9999988986395048,ridge_entry
1740847800.0,1740847799.999999,ETH/USD,SELL,0.914055,2188.050713046,1999.9986945132614,1.9999986945132615,ridge_exit
1740848100.0,1740848099.999999,ETH/USD,SELL,0.910712,2196.08186985,1999.9981118548333,1.9999981118548333,ridge_exit
1740848400.0,1740848399.999999,ETH/USD,SELL,0.905998,2207.5092869940004,1999.9989989979904,1.9999989989979905,ridge_exit
1740848700.0,1740848699.999999,ETH/USD,SELL,0.911496,2194.193948661,1999.9990074287068,1.9999990074287068,ridge_exit
1740849000.0,1740848999.999999,ETH/USD,SELL,0.910667,2196.191748861,1999.9993513600004,1.9999993513600005,ridge_exit
1740849300.0,1740849299.999999,ETH/USD,SELL,0.911745,2193.5946086010003,1999.9989164189192,1.9999989164189191,ridge_exit
1740849600.0,1740849599.999999,ETH/USD,SELL,0.912501,2191.776610419,1999.998348783948,1.9999983487839479,ridge_exit
1740849900.0,1740849899.999999,ETH/USD,SELL,0.90988,2198.0896590510006,1999.9978189773244,1.9999978189773244,ridge_exit
1740850200.0,1740850199.999999,ETH/USD,SELL,0.911662,2193.794388621,1999.9989799189982,1.9999989799189983,ridge_exit
1740969000.0,1740968999.999999,ETH/USD,BUY,0.825299,2423.3630120699995,1999.9990704983586,1.9999990704983586,ridge_entry
1740970200.0,1740970199.999999,ETH/USD,SELL,0.819198,2441.41173441,1999.999610005203,1.999999610005203,ridge_exit
1740973500.0,1740973499.999999,ETH/USD,BUY,0.822475,2431.682153901,1999.997779529725,1.999997779529725,ridge_entry
1740983700.0,1740983699.999999,ETH/USD,BUY,0.829145,2412.1206579469995,1999.997782933465,1.999997782933465,ridge_entry
1740984000.0,1740983999.999999,ETH/USD,BUY,0.831655,2404.8426602199997,1999.999422585264,1.999999422585264,ridge_entry
1740984300.0,1740984299.999999,ETH/USD,BUY,0.836313,2391.447940882,1999.999001782848,1.999999001782848,ridge_entry
1740984600.0,1740984599.999999,ETH/USD,BUY,0.837716,2387.4435404819997,1999.999652958419,1.999999652958419,ridge_entry
1740984900.0,1740984899.999999,ETH/USD,BUY,0.843841,2370.114497751,1999.9997878967013,1.9999997878967013,ridge_entry
1740985200.0,1740985199.999999,ETH/USD,BUY,0.842002,2375.2901852679993,1999.999086576026,1.999999086576026,ridge_entry
1740985500.0,1740985499.999999,ETH/USD,BUY,0.848532,2357.010097442,1999.9984920026552,1.9999984920026552,ridge_entry
1740985800.0,1740985799.999999,ETH/USD,BUY,0.84459,2368.0121875409995,1999.9994134752526,1.9999994134752526,ridge_entry
1741003500.0,1741003499.999999,ETH/USD,SELL,0.843664,2370.609695322,1999.9980579941396,1.9999980579941397,ridge_exit
1741003800.0,1741003799.999999,ETH/USD,SELL,0.845078,2366.6440619249997,1999.998830563455,1.999998830563455,ridge_exit
1741004100.0,1741004099.999999,ETH/USD,SELL,0.846797,2361.839352444,1999.9984781315218,1.9999984781315219,ridge_exit
1741004700.0,1741004699.999999,ETH/USD,SELL,0.847841,2358.9325531530003,1999.9997347977928,1.999999734797793,ridge_exit
1741005000.0,1741004999.999999,ETH/USD,SELL,0.848815,2356.225533882,1999.99957654205,1.99999957654205,ridge_exit
1741005300.0,1741005299.999999,ETH/USD,SELL,0.847557,2359.721684232,1999.998631522621,1.999998631522621,ridge_exit
1741005600.0,1741005599.999999,ETH/USD,SELL,0.847675,2359.392047199,1999.9976536094123,1.9999976536094124,ridge_exit
1741005900.0,1741005899.999999,ETH/USD,SELL,0.845264,2366.124633873,1999.9999725260277,1.9999999725260278,ridge_exit
1741006200.0,1741006199.999999,ETH/USD,SELL,0.843881,2370.000366261,1999.9982790806991,1.9999982790806992,ridge_exit
1741014000.0,1741013999.999999,ETH/USD,BUY,0.878224,2277.3225294819995,1999.9993011317995,1.9999993011317996,ridge_entry
1741014300.0,1741014299.999999,ETH/USD,BUY,0.870744,2296.884025436,1999.9979838442441,1.999997983844244,ridge_entry
1741014600.0,1741014599.999999,ETH/USD,BUY,0.874958,2285.8218693309996,1999.9981311461127,1.9999981311461128,ridge_entry
1741014900.0,1741014899.999999,ETH/USD,BUY,0.870612,2297.234410471,1999.9998445689785,1.9999998445689784,ridge_entry
1741015200.0,1741015199.999999,ETH/USD,BUY,0.87591,2283.3391410829995,1999.99958706601,1.99999958706601,ridge_entry
1741015800.0,1741015799.999999,ETH/USD,BUY,0.866785,2307.375554484,1999.998519993414,1.999998519993414,ridge_entry
1741016100.0,1741016099.999999,ETH/USD,BUY,0.872101,2293.310098079,1999.998029844794,1.9999980298447941,ridge_entry
1741016400.0,1741016399.999999,ETH/USD,BUY,0.87082,2296.683805416,1999.998191432361,1.999998191432361,ridge_entry
1741016700.0,1741016699.999999,ETH/USD,BUY,0.868149,2303.7515721219993,1999.9996235861415,1.9999996235861415,ridge_entry
1741026000.0,1741025999.999999,BTC/USD,BUY,0.022478,88975.77468779999,1999.9974634323682,1.9999974634323683,ridge_entry
1741026300.0,1741026299.999999,BTC/USD,BUY,0.022476,88982.31187145298,1999.9664416227772,1.9999664416227771,ridge_entry
1741026600.0,1741026599.999999,BTC/USD,BUY,0.022762,87862.64147560898,1999.9294452678116,1.9999294452678116,ridge_entry
1741026900.0,1741026899.999999,BTC/USD,BUY,0.0228,87715.86017894698,1999.9216120799913,1.9999216120799914,ridge_entry
1741027200.0,1741027199.999999,BTC/USD,BUY,0.022969,87070.78130751,1999.928775852197,1.999928775852197,ridge_entry
1741027500.0,1741027499.999999,BTC/USD,BUY,0.022883,87400.03311939898,1999.974957871207,1.999974957871207,ridge_entry
1741027800.0,1741027799.999999,BTC/USD,BUY,0.022873,87436.09274500099,1999.9257493564078,1.9999257493564078,ridge_entry
1741028100.0,1741028099.999999,BTC/USD,BUY,0.022881,87405.959631991,1999.935762339586,1.9999357623395861,ridge_entry
1741028400.0,1741028399.999999,BTC/USD,BUY,0.022928,87228.65479327999,1999.9785971003237,1.9999785971003237,ridge_entry
1741028700.0,1741028699.999999,ETH/USD,BUY,0.910919,2195.582706317,1999.9980032555754,1.9999980032555755,ridge_entry
1741029600.0,1741029599.999999,BTC/USD,BUY,0.022999,86753.34247680099,1995.2401236239457,1.9952401236239456,ridge_entry
1741067700.0,1741067699.999999,BTC/USD,SELL,0.023753,84197.798868051,1999.9503165128153,1.9999503165128154,ridge_exit
1741068000.0,1741067999.999999,BTC/USD,SELL,0.023758,84181.3070274,1999.9794923569696,1.9999794923569696,ridge_exit
1741068300.0,1741068299.999999,BTC/USD,SELL,0.023755,84191.575720428,1999.9708812387669,1.9999708812387669,ridge_exit
1741068600.0,1741068599.999999,BTC/USD,SELL,0.023786,84081.74665443301,1999.9684259223436,1.9999684259223436,ridge_exit
1741068900.0,1741068899.999999,BTC/USD,SELL,0.023818,83967.552395001,1999.9391629441336,1.9999391629441337,ridge_exit
1741069200.0,1741069199.999999,BTC/USD,SELL,0.023855,83837.675403999,1999.9477467623963,1.9999477467623963,ridge_exit
1741069500.0,1741069499.999999,BTC/USD,SELL,0.023799,84035.477601801,1999.960331445262,1.999960331445262,ridge_exit
1741069800.0,1741069799.999999,BTC/USD,SELL,0.023765,84153.93716466,1999.9183167181452,1.9999183167181454,ridge_exit
1741070100.0,1741070099.999999,BTC/USD,SELL,0.023778,84109.39620920099,1999.953223062381,1.999953223062381,ridge_exit
1741071300.0,1741071299.999999,ETH/USD,SELL,0.955126,2093.964312627,1999.999758062176,1.999999758062176,ridge_exit
1741071600.0,1741071599.999999,ETH/USD,SELL,0.954493,2095.352783766,1999.9995646351606,1.9999995646351607,ridge_exit
1741071900.0,1741071899.999999,ETH/USD,SELL,0.955623,2092.8755115179997,1999.9999749433655,1.9999999749433655,ridge_exit
1741074000.0,1741073999.999999,ETH/USD,SELL,0.962356,2078.231636052,1999.9986843444583,1.9999986843444584,ridge_exit
1741074300.0,1741074299.999999,ETH/USD,SELL,0.963964,2074.7654527050004,1999.9992048513232,1.999999204851323,ridge_exit
1741074600.0,1741074599.999999,ETH/USD,SELL,0.963,2076.843164913,1999.9999678112188,1.9999999678112188,ridge_exit
1741075200.0,1741075199.999999,ETH/USD,SELL,0.962402,2078.1317460420005,1999.9981486543134,1.9999981486543135,ridge_exit
1741075500.0,1741075499.999999,ETH/USD,SELL,0.958422,2086.762242906,1999.9988423704544,1.9999988423704544,ridge_exit
1741076100.0,1741076099.999999,ETH/USD,SELL,0.961183,2080.768842306,1999.999638154208,1.999999638154208,ridge_exit
1741198200.0,1741198199.999999,ETH/USD,BUY,0.914773,2186.3325413929997,1999.9979778876984,1.9999979778876984,ridge_entry
1741198500.0,1741198499.999999,ETH/USD,BUY,0.912563,2191.6283609219995,1999.9989519280628,1.9999989519280628,ridge_entry
1741198800.0,1741198799.999999,ETH/USD,BUY,0.913043,2190.4770958070003,1999.999778986911,1.999999778986911,ridge_entry
1741199100.0,1741199099.999999,ETH/USD,BUY,0.909965,2197.8852365469997,1999.9986392744906,1.9999986392744906,ridge_entry
1741199400.0,1741199399.999999,ETH/USD,BUY,0.910903,2195.622750321,1999.9993501356498,1.99999935013565,ridge_entry
1741199700.0,1741199699.999999,ETH/USD,BUY,0.912909,2190.7974478389997,1999.9987073092534,1.9999987073092536,ridge_entry
1741200000.0,1741199999.999999,ETH/USD,BUY,0.912388,2192.0488229639996,1999.9990414864776,1.9999990414864777,ridge_entry
1741200300.0,1741200299.999999,ETH/USD,BUY,0.913698,2188.9053686499997,1999.9984575247674,1.9999984575247676,ridge_entry
1741200600.0,1741200599.999999,ETH/USD,BUY,0.910363,2196.9241804509998,1999.9984876879137,1.9999984876879138,ridge_entry
1741208400.0,1741208399.999999,ETH/USD,SELL,0.897285,2228.9456831400003,1999.9995272962751,1.9999995272962752,ridge_exit
1741217100.0,1741217099.999999,ETH/USD,SELL,0.895483,2233.430744589,1999.9992634567914,1.9999992634567914,ridge_exit
1741217400.0,1741217399.999999,ETH/USD,SELL,0.895002,2234.6294247090004,1999.9978043734047,1.9999978043734048,ridge_exit
1741217700.0,1741217699.999999,ETH/USD,SELL,0.894359,2236.23765387,1999.9992718775195,1.9999992718775195,ridge_exit
1741218000.0,1741217999.999999,ETH/USD,SELL,0.89169,2242.93028454,1999.9985054214724,1.9999985054214724,ridge_exit
1741218300.0,1741218299.999999,ETH/USD,SELL,0.891123,2244.358711683,1999.99966823109,1.99999966823109,ridge_exit
1741218600.0,1741218599.999999,ETH/USD,SELL,0.891551,2243.279899575,1999.9984377459907,1.9999984377459907,ridge_exit
1741218900.0,1741218899.999999,ETH/USD,SELL,0.892887,2239.923595239,1999.9986591821648,1.9999986591821648,ridge_exit
1741219200.0,1741219199.999999,ETH/USD,SELL,0.893206,2239.124475159,1999.99941595887,1.99999941595887,ridge_exit
1741271700.0,1741271699.999999,ETH/USD,BUY,0.897324,2228.84926264,1999.9999357491752,1.9999999357491751,ridge_entry
1741272300.0,1741272299.999999,ETH/USD,BUY,0.901787,2217.8171395379995,1999.998664812554,1.9999986648125538,ridge_entry
1741273800.0,1741273799.999999,ETH/USD,SELL,0.888848,2250.102387258,1999.9990067094986,1.9999990067094986,ridge_exit
1741274100.0,1741274099.999999,ETH/USD,SELL,0.890512,2245.897017837,1999.9982451480626,1.9999982451480627,ridge_exit
1741282800.0,1741282799.999999,ETH/USD,BUY,0.910587,2196.3835863969994,1999.9983407864845,1.9999983407864845,ridge_entry
1741283100.0,1741283099.999999,ETH/USD,BUY,0.911368,2194.5015182089996,1999.9984596470995,1.9999984596470994,ridge_entry
1741283400.0,1741283399.999999,ETH/USD,BUY,0.915415,2184.80085824,1999.9994776457693,1.9999994776457692,ridge_entry
1741283700.0,1741283699.999999,ETH/USD,BUY,0.913531,2189.30580869,1999.9987247183844,1.9999987247183846,ridge_entry
1741285800.0,1741285799.999999,ETH/USD,SELL,0.910294,2197.090758951,1999.998535328542,1.9999985353285419,ridge_exit
1741286100.0,1741286099.999999,ETH/USD,SELL,0.908337,2201.825545425,1999.9996104547083,1.9999996104547084,ridge_exit
1741286400.0,1741286399.999999,ETH/USD,SELL,0.913292,2189.878700229,1999.998697889544,1.999998697889544,ridge_exit
1741286700.0,1741286699.999999,ETH/USD,SELL,0.911334,2194.5835196999997,1999.9985773422795,1.9999985773422795,ridge_exit
1741307400.0,1741307399.999999,ETH/USD,BUY,0.938949,2130.04068277,1999.9995690462088,1.999999569046209,ridge_entry
1741308000.0,1741307999.999999,BTC/USD,BUY,0.023259,85987.651065316,1999.9867761281846,1.9999867761281847,ridge_entry
1741308300.0,1741308299.999999,BTC/USD,BUY,0.023252,86012.65854581399,1999.9663365072668,1.9999663365072669,ridge_entry
1741308600.0,1741308599.999999,BTC/USD,BUY,0.023359,85618.355249427,1999.9591602713654,1.9999591602713653,ridge_entry
1741308900.0,1741308899.999999,BTC/USD,BUY,0.023471,85210.99760773599,1999.9873248511713,1.9999873248511713,ridge_entry
1741309200.0,1741309199.999999,BTC/USD,BUY,0.023358,85623.32070592298,1999.989525048949,1.999989525048949,ridge_entry
1741309500.0,1741309499.999999,BTC/USD,BUY,0.023269,85948.76833743199,1999.941890443705,1.999941890443705,ridge_entry
1741310400.0,1741310399.999999,BTC/USD,SELL,0.022949,87146.721776268,1999.9301180435743,1.9999301180435745,ridge_exit
1741310700.0,1741310699.999999,BTC/USD,SELL,0.02301,86917.883752359,1999.9805051417807,1.9999805051417807,ridge_exit
1741311000.0,1741310999.999999,BTC/USD,SELL,0.022982,87023.47748193,1999.973559489715,1.999973559489715,ridge_exit
1741311300.0,1741311299.999999,BTC/USD,SELL,0.023048,86771.864535741,1999.9179338197584,1.9999179338197586,ridge_exit
1741311600.0,1741311599.999999,BTC/USD,SELL,0.022895,87355.21220514,1999.99758343668,1.99999758343668,ridge_exit
1741311900.0,1741311899.999999,BTC/USD,SELL,0.022568,88617.781975536,1999.9261036238966,1.9999261036238967,ridge_exit
1741312200.0,1741312199.999999,ETH/USD,SELL,0.919859,2174.245913664,1999.9996718970533,1.9999996718970534,ridge_exit
1741539300.0,1741539299.999999,ETH/USD,BUY,0.97193,2057.76125555,1999.9998971067114,1.9999998971067114,ridge_entry
1741539600.0,1741539599.999999,ETH/USD,BUY,0.974818,2051.6645559409994,1999.9995390932932,1.9999995390932932,ridge_entry
1741539900.0,1741539899.999999,ETH/USD,BUY,0.973967,2053.4565251199997,1999.9988914015507,1.9999988914015507,ridge_entry
1741540200.0,1741540199.999999,ETH/USD,BUY,0.979319,2042.2341929989998,1999.9987476535875,1.9999987476535876,ridge_entry
1741540500.0,1741540499.999999,ETH/USD,BUY,0.974124,2053.1261620869996,1999.9994695168364,1.9999994695168364,ridge_entry
1741540800.0,1741540799.999999,ETH/USD,BUY,0.977867,2045.2675263019996,1999.9996201423576,1.9999996201423575,ridge_entry
1741541100.0,1741541099.999999,ETH/USD,BUY,0.984347,2031.8027299569997,1999.9989218249827,1.9999989218249827,ridge_entry
1741541400.0,1741541399.999999,ETH/USD,BUY,0.982247,2036.1475043909998,1999.9997777455462,1.9999997777455463,ridge_entry
1741541700.0,1741541699.999999,ETH/USD,BUY,0.97917,2042.5445340299996,1999.9983313861546,1.9999983313861547,ridge_entry
1741565100.0,1741565099.999999,ETH/USD,SELL,0.985117,2030.2145082450002,1999.99882571879,1.99999882571879,ridge_exit
1741565400.0,1741565399.999999,ETH/USD,SELL,0.988053,2024.181151641,1999.998259422345,1.999998259422345,ridge_exit
1741566000.0,1741565999.999999,ETH/USD,SELL,0.993032,2014.032326625,1999.9985493730771,1.9999985493730772,ridge_exit
1741566300.0,1741566299.999999,ETH/USD,SELL,0.992122,2015.8802918099998,1999.9991868711204,1.9999991868711204,ridge_exit
1741567500.0,1741567499.999999,ETH/USD,SELL,0.987459,2025.3998097630001,1999.9992707487622,1.9999992707487622,ridge_exit
1741567800.0,1741567799.999999,ETH/USD,SELL,0.984134,2032.242275448,1999.998719505742,1.999998719505742,ridge_exit
1741568100.0,1741568099.999999,ETH/USD,SELL,0.983018,2034.549734679,1999.9990110846811,1.9999990110846813,ridge_exit
1741568400.0,1741568399.999999,ETH/USD,SELL,0.983172,2034.230086647,1999.9980627489044,1.9999980627489045,ridge_exit
1741568700.0,1741568699.999999,ETH/USD,SELL,0.975827,2049.5432251800003,1999.9996167977242,1.9999996167977243,ridge_exit
1741616400.0,1741616399.999999,BTC/USD,BUY,0.025055,79821.69535139798,1999.9325770292764,1.9999325770292764,ridge_entry
1741617000.0,1741616999.999999,BTC/USD,BUY,0.025009,79970.238584236,1999.975696753158,1.9999756967531581,ridge_entry
1741617300.0,1741617299.999999,BTC/USD,BUY,0.025041,79866.58467988198,1999.939146968925,1.999939146968925,ridge_entry
1741617600.0,1741617599.999999,ETH/USD,BUY,0.991445,2017.2567455039996,1999.999114046213,1.999999114046213,ridge_entry
1741617900.0,1741617899.999999,BTC/USD,BUY,0.025061,79804.806792711,1999.9882630321301,1.9999882630321302,ridge_entry
1741618200.0,1741618199.999999,BTC/USD,BUY,0.025072,79767.62593499699,1999.9339174422446,1.9999339174422446,ridge_entry
1741618500.0,1741618499.999999,BTC/USD,BUY,0.02515,79522.606685522,1999.9935581408781,1.999993558140878,ridge_entry
1741618800.0,1741618799.999999,BTC/USD,BUY,0.02502,79934.92978370898,1999.9719431883989,1.9999719431883989,ridge_entry
1741619100.0,1741619099.999999,ETH/USD,BUY,0.990094,2020.0097707789998,1999.9995539896631,1.9999995539896631,ridge_entry
1741619400.0,1741619399.999999,ETH/USD,BUY,0.983935,2032.6536650419998,1999.9990839131,1.9999990839131,ridge_entry
1741619700.0,1741619699.999999,ETH/USD,BUY,0.985352,2029.7304527499998,1999.9989610781179,1.999998961078118,ridge_entry
1741620000.0,1741619999.999999,ETH/USD,BUY,0.991297,2017.5570755339998,1999.9982763056273,1.9999982763056274,ridge_entry
1741620300.0,1741620299.999999,ETH/USD,BUY,0.988399,2023.4735771249998,1999.9992601567728,1.9999992601567729,ridge_entry
1741620600.0,1741620599.999999,ETH/USD,BUY,0.989834,2020.5403538319997,1999.9995405949435,1.9999995405949436,ridge_entry
1741620900.0,1741620899.999999,BTC/USD,SELL,0.024741,80834.801901381,1999.933833842067,1.9999338338420671,ridge_exit
1741621200.0,1741621199.999999,BTC/USD,SELL,0.024781,80706.243458511,1999.9814191453613,1.9999814191453613,ridge_exit
1741621800.0,1741621799.999999,BTC/USD,SELL,0.024861,80447.008904559,1999.9930883762413,1.9999930883762413,ridge_exit
1741622100.0,1741622099.999999,BTC/USD,SELL,0.024908,80292.84865212599,1999.9342742271542,1.9999342742271542,ridge_exit
1741622400.0,1741622399.999999,ETH/USD,BUY,0.990074,2020.0498147829996,1999.9988003214637,1.9999988003214637,ridge_entry
1741623000.0,1741622999.999999,ETH/USD,BUY,0.995045,2009.9587257749997,1999.9993802887846,1.9999993802887845,ridge_entry
1741626300.0,1741626299.999999,BTC/USD,BUY,0.025429,78648.20581417799,1999.945225648732,1.999945225648732,ridge_entry
1741626600.0,1741626599.999999,BTC/USD,BUY,0.025397,78746.523854999,1999.9254663454096,1.9999254663454096,ridge_entry
1741626900.0,1741626899.999999,BTC/USD,BUY,0.025417,78685.48678190199,1999.9490175356027,1.9999490175356027,ridge_entry
1741628100.0,1741628099.999999,BTC/USD,BUY,0.025365,78848.64607619999,1999.9959077228127,1.9999959077228127,ridge_entry
1741628400.0,1741628399.999999,BTC/USD,BUY,0.025402,78731.26708947499,1999.9316466068437,1.9999316466068437,ridge_entry
1741628700.0,1741628699.999999,BTC/USD,BUY,0.025407,78717.66213911599,1999.9796419685197,1.9999796419685196,ridge_entry
1741632900.0,1741632899.999999,ETH/USD,BUY,1.034041,1857.531224549,1920.7634449638724,1.9207634449638724,ridge_entry
1741640100.0,1741640099.999999,BTC/USD,SELL,0.025193,79386.59653640099,1999.9865265415501,1.9999865265415502,ridge_exit
1741640400.0,1741640399.999999,BTC/USD,SELL,0.025246,79217.74246349701,1999.9311262334456,1.9999311262334456,ridge_exit
1741641000.0,1741640999.999999,BTC/USD,SELL,0.025241,79234.07448013201,1999.947273953012,1.999947273953012,ridge_exit
1741641300.0,1741641299.999999,BTC/USD,SELL,0.025134,79572.24211998601,1999.9687334437283,1.9999687334437284,ridge_exit
1741641600.0,1741641599.999999,BTC/USD,SELL,0.025212,79326.67251940201,1999.9840675591633,1.9999840675591634,ridge_exit
1741641900.0,1741641899.999999,BTC/USD,SELL,0.025173,79448.51835360001,1999.9575525151731,1.9999575525151732,ridge_exit
1741642200.0,1741642199.999999,BTC/USD,SELL,0.025161,79485.83726133601,1999.9431513324753,1.9999431513324752,ridge_exit
1741642500.0,1741642499.999999,BTC/USD,SELL,0.025159,79492.380056991,1999.9487898538364,1.9999487898538364,ridge_exit
1741642800.0,1741642799.999999,BTC/USD,SELL,0.025075,79760.185173801,1999.98664323306,1.99998664323306,ridge_exit
1741670100.0,1741670099.999999,ETH/USD,SELL,1.053474,1898.479563057,1999.99885921191,1.99999885921191,ridge_exit
1741670400.0,1741670399.999999,ETH/USD,SELL,1.054095,1897.360794945,1999.9985271475498,1.9999985271475498,ridge_exit
1741670700.0,1741670699.999999,ETH/USD,SELL,1.056119,1893.724798581,1999.9987405525671,1.9999987405525672,ridge_exit
1741671000.0,1741670999.999999,ETH/USD,SELL,1.057536,1891.187592327,1999.9989616391263,1.9999989616391263,ridge_exit
1741671300.0,1741671299.999999,ETH/USD,SELL,1.059343,1887.961145004,1999.998423231972,1.999998423231972,ridge_exit
1741671900.0,1741671899.999999,ETH/USD,SELL,1.061044,1884.9344777009999,1999.9984179577798,1.9999984179577799,ridge_exit
1741672200.0,1741672199.999999,ETH/USD,SELL,1.057078,1892.006690409,1999.9986482841648,1.9999986482841647,ridge_exit
1741672500.0,1741672499.999999,ETH/USD,SELL,1.057558,1891.147636323,1999.998311974479,1.999998311974479,ridge_exit
1741672800.0,1741672799.999999,ETH/USD,SELL,1.057352,1891.5172293599999,1999.9995254982548,1.9999995254982548,ridge_exit
1741691700.0,1741691699.999999,ETH/USD,BUY,1.046682,1910.7997608699998,1999.9997153069328,1.9999997153069329,ridge_entry
1741693200.0,1741693199.999999,ETH/USD,BUY,1.043925,1915.8453053739997,1999.9988104125528,1.9999988104125528,ridge_entry
1741693800.0,1741693799.999999,ETH/USD,BUY,1.042362,1918.7184626609996,1999.999214176245,1.999999214176245,ridge_entry
1741694100.0,1741694099.999999,ETH/USD,BUY,1.042656,1918.1778686069997,1999.9996637703,1.9999996637703001,ridge_entry
1741694400.0,1741694399.999999,ETH/USD,BUY,1.043718,1916.2257234119995,1999.999279588125,1.9999992795881252,ridge_entry
1741694700.0,1741694699.999999,ETH/USD,BUY,1.04734,1909.5984407499998,1999.9988309351047,1.9999988309351047,ridge_entry
1741695000.0,1741694999.999999,ETH/USD,BUY,1.048874,1906.8053714709997,1999.9985771962736,1.9999985771962736,ridge_entry
1741695300.0,1741695299.999999,ETH/USD,BUY,1.055775,1894.3416752259998,1999.9985821617297,1.9999985821617297,ridge_entry
1741698600.0,1741698599.999999,ETH/USD,BUY,1.067778,1873.0482760989998,1999.9997421564376,1.9999997421564377,ridge_entry
1741716300.0,1741716299.999999,ETH/USD,SELL,1.041593,1920.135717225,1999.9999221115395,1.9999999221115394,ridge_exit
1741716600.0,1741716599.999999,ETH/USD,SELL,1.038066,1926.658534878,1999.9987186666658,1.999998718666666,ridge_exit
1741716900.0,1741716899.999999,ETH/USD,SELL,1.029441,1942.800760494,1999.998757683704,1.9999987576837042,ridge_exit
1741717200.0,1741717199.999999,ETH/USD,SELL,1.032898,1936.2979208430002,1999.9982498428933,1.9999982498428934,ridge_exit
1741717500.0,1741717499.999999,ETH/USD,SELL,1.028172,1945.198120734,1999.9982421913185,1.9999982421913185,ridge_exit
1741717800.0,1741717799.999999,ETH/USD,SELL,1.030395,1941.002740314,1999.9995186058438,1.999999518605844,ridge_exit
1741718100.0,1741718099.999999,ETH/USD,SELL,1.034264,1933.740736587,1999.998429185417,1.9999984291854171,ridge_exit
1741718400.0,1741718399.999999,ETH/USD,SELL,1.031579,1938.7751930910001,1999.999774913621,1.999999774913621,ridge_exit
1741718700.0,1741718699.999999,ETH/USD,SELL,1.028532,1944.5188686660001,1999.9998810267784,1.9999998810267785,ridge_exit
1741750500.0,1741750499.999999,ETH/USD,BUY,1.062338,1882.6388150569999,1999.998753510023,1.9999987535100232,ridge_entry
1741751400.0,1741751399.999999,ETH/USD,BUY,1.065187,1877.6032815539998,1999.9986066686606,1.9999986066686606,ridge_entry
1741751700.0,1741751699.999999,ETH/USD,BUY,1.067236,1873.999321194,1999.9995395537999,1.9999995395538,ridge_entry
1741752000.0,1741751999.999999,ETH/USD,BUY,1.068977,1870.945965889,1999.9982057781258,1.9999982057781258,ridge_entry
1741752300.0,1741752299.999999,ETH/USD,BUY,1.07374,1862.6468460599997,1999.9984244884638,1.9999984244884639,ridge_entry
1741752600.0,1741752599.999999,ETH/USD,BUY,1.073077,1863.7981111749998,1999.9988857453354,1.9999988857453355,ridge_entry
1741752900.0,1741752899.999999,ETH/USD,BUY,1.072092,1865.5099923459998,1999.9983387142076,1.9999983387142077,ridge_entry
1741753200.0,1741753199.999999,ETH/USD,BUY,1.073279,1863.44772614,1999.9993120638132,1.9999993120638133,ridge_entry
1741764600.0,1741764599.999999,ETH/USD,SELL,1.049366,1905.911379801,1999.9986009762563,1.9999986009762563,ridge_exit
1741764900.0,1741764899.999999,ETH/USD,SELL,1.046821,1910.5462762650002,1999.9999634660037,1.9999999634660037,ridge_exit
1741765200.0,1741765199.999999,ETH/USD,SELL,1.048273,1907.899191,1999.999208647143,1.999999208647143,ridge_exit
1741765500.0,1741765499.999999,ETH/USD,SELL,1.049597,1905.491841759,1999.9985206347208,1.9999985206347208,ridge_exit
1741765800.0,1741765799.999999,ETH/USD,SELL,1.047302,1909.6672441770002,1999.9983241610605,1.9999983241610606,ridge_exit
1741766100.0,1741766099.999999,ETH/USD,SELL,1.045301,1913.3232185430002,1999.9986736662167,1.9999986736662168,ridge_exit
1741766400.0,1741766399.999999,ETH/USD,SELL,1.047582,1909.157805126,1999.9993518095055,1.9999993518095056,ridge_exit
1741766700.0,1741766699.999999,ETH/USD,SELL,1.04511,1913.672833578,1999.9986151007038,1.9999986151007039,ridge_exit
1741767000.0,1741766999.999999,ETH/USD,SELL,1.044216,1915.311029742,1999.9984222330725,1.9999984222330724,ridge_exit
1741771500.0,1741771499.999999,ETH/USD,BUY,1.060511,1885.8823793809997,1999.9990080397233,1.9999990080397234,ridge_entry
1741771800.0,1741771799.999999,ETH/USD,BUY,1.063022,1881.4274839359998,1999.9988068286143,1.9999988068286143,ridge_entry
1741772100.0,1741772099.999999,ETH/USD,BUY,1.052605,1900.0479457959998,1999.9999679845985,1.9999999679845986,ridge_entry
1741772400.0,1741772399.999999,ETH/USD,BUY,1.052871,1899.5674177479998,1999.999446691754,1.9999994466917541,ridge_entry
1741772700.0,1741772699.999999,ETH/USD,BUY,1.052167,1900.8388148749998,1999.999873330584,1.9999998733305842,ridge_entry
1741773000.0,1741772999.999999,ETH/USD,BUY,1.051369,1902.2803990189998,1999.9986408362067,1.9999986408362067,ridge_entry
1741773300.0,1741773299.999999,ETH/USD,BUY,1.053904,1897.7053715619998,1999.9992819106776,1.9999992819106776,ridge_entry
1741773600.0,1741773599.999999,ETH/USD,BUY,1.054755,1896.1736884089999,1999.9986787178348,1.9999986787178348,ridge_entry
1741773900.0,1741773899.999999,ETH/USD,BUY,1.056205,1893.570828149,1999.9989765451146,1.9999989765451147,ridge_entry
1741778100.0,1741778099.999999,ETH/USD,SELL,1.046804,1910.576243268,1999.9988537579156,1.9999988537579156,ridge_exit
1741778400.0,1741778399.999999,ETH/USD,SELL,1.045672,1912.6439664749998,1999.9982417118458,1.9999982417118458,ridge_exit
1741781100.0,1741781099.999999,ETH/USD,SELL,1.044009,1915.6906117800002,1999.9982399138262,1.9999982399138263,ridge_exit
1741781700.0,1741781699.999999,ETH/USD,SELL,1.047352,1909.577343168,1999.9996495216913,1.9999996495216914,ridge_exit
1741782000.0,1741781999.999999,ETH/USD,SELL,1.04529,1913.3431965450002,1999.9985099165233,1.9999985099165234,ridge_exit
1741782300.0,1741782299.999999,ETH/USD,SELL,1.044919,1914.022448613,1999.9984229822473,1.9999984229822474,ridge_exit
1741782600.0,1741782599.999999,ETH/USD,SELL,1.040159,1922.7828024900002,1999.9998370551962,1.9999998370551961,ridge_exit
1741782900.0,1741782899.999999,ETH/USD,SELL,1.039181,1924.590811671,1999.9982042630813,1.9999982042630813,ridge_exit
1741783200.0,1741783199.999999,ETH/USD,SELL,1.044445,1914.8914917,1999.9988440486065,1.9999988440486065,ridge_exit
1741787400.0,1741787399.999999,ETH/USD,BUY,1.055508,1894.8222032739998,1999.9999941333328,1.9999999941333328,ridge_entry
1741787700.0,1741787699.999999,ETH/USD,BUY,1.059285,1888.0647775989999,1999.9986979389566,1.9999986979389566,ridge_entry
1741788000.0,1741787999.999999,ETH/USD,BUY,1.058421,1889.6064717529996,1999.9991714392818,1.9999991714392817,ridge_entry
1741788900.0,1741788899.999999,ETH/USD,BUY,1.062174,1882.9291340859995,1999.9983700686623,1.9999983700686623,ridge_entry
1741790100.0,1741790099.999999,ETH/USD,BUY,1.073014,1863.9082321859996,1999.9996278508281,1.999999627850828,ridge_entry
1741790400.0,1741790399.999999,ETH/USD,BUY,1.073977,1862.236395019,1999.9990568133205,1.9999990568133206,ridge_entry
1741790700.0,1741790699.999999,ETH/USD,BUY,1.071897,1865.8503663799995,1999.9994101716225,1.9999994101716225,ridge_entry
1741791000.0,1741790999.999999,ETH/USD,BUY,1.073187,1863.6079021559997,1999.9997736910907,1.9999997736910908,ridge_entry
1741791300.0,1741791299.999999,ETH/USD,BUY,1.069344,1870.305261825,1999.999709900993,1.999999709900993,ridge_entry
1741800600.0,1741800599.999999,ETH/USD,SELL,1.060578,1885.763564784,1999.9993500114851,1.9999993500114852,ridge_exit
1741802700.0,1741802699.999999,ETH/USD,BUY,1.068903,1871.0761089019998,1999.9988660336742,1.9999988660336743,ridge_entry
1741813500.0,1741813499.999999,ETH/USD,SELL,1.05282,1899.658265175,1999.9982147415437,1.9999982147415438,ridge_exit
1741813800.0,1741813799.999999,ETH/USD,SELL,1.054462,1896.7015208789999,1999.999679109112,1.9999996791091121,ridge_exit
1741814100.0,1741814099.999999,ETH/USD,SELL,1.052671,1899.9279682019999,1999.9990742151672,1.9999990742151672,ridge_exit
1741814400.0,1741814399.999999,ETH/USD,SELL,1.05146,1902.115559421,1999.9984261088048,1.9999984261088048,ridge_exit
1741814700.0,1741814699.999999,ETH/USD,SELL,1.052007,1901.1266483220002,1999.9985419212824,1.9999985419212825,ridge_exit
1741815000.0,1741814999.999999,ETH/USD,SELL,1.054062,1897.420728951,1999.999088399549,1.999999088399549,ridge_exit
1741815300.0,1741815299.999999,ETH/USD,SELL,1.053557,1898.3297280420002,1999.9985732867458,1.9999985732867458,ridge_exit
1741815600.0,1741815599.999999,ETH/USD,SELL,1.055958,1894.01447961,1999.9997418600165,1.9999997418600164,ridge_exit
1741815900.0,1741815899.999999,ETH/USD,SELL,1.055407,1895.0033907089999,1999.9998435780135,1.9999998435780135,ridge_exit
1743138600.0,1743138599.999999,ETH/USD,BUY,1.038234,1926.3468454229999,1999.998790710903,1.9999987907109031,ridge_entry
1743138900.0,1743138899.999999,ETH/USD,BUY,1.037388,1927.9185725799996,1999.9995921716206,1.9999995921716207,ridge_entry
1743139200.0,1743139199.999999,ETH/USD,BUY,1.039385,1924.2145022099996,1999.9996903795404,1.9999996903795405,ridge_entry
1743139500.0,1743139499.999999,ETH/USD,BUY,1.039596,1923.8240731709998,1999.9998111722787,1.9999998111722788,ridge_entry
1743139800.0,1743139799.999999,ETH/USD,BUY,1.043336,1916.9264934819996,1999.9984200035356,1.9999984200035357,ridge_entry
1743140100.0,1743140099.999999,ETH/USD,BUY,1.041281,1920.7106518599996,1999.9995082794321,1.9999995082794322,ridge_entry
1743140400.0,1743140399.999999,ETH/USD,BUY,1.041482,1920.3402448229997,1999.9997988587475,1.9999997988587475,ridge_entry
1743158700.0,1743158699.999999,ETH/USD,SELL,1.046903,1910.39644125,1999.9997655339484,1.9999997655339485,ridge_exit
1743159000.0,1743158999.999999,ETH/USD,SELL,1.048366,1907.729377983,1999.9986170785255,1.9999986170785256,ridge_exit
1743159300.0,1743159299.999999,ETH/USD,SELL,1.049157,1906.2909618390001,1999.9985066501197,1.9999985066501198,ridge_exit
1743159600.0,1743159599.999999,ETH/USD,SELL,1.048438,1907.5995209700002,1999.999826566745,1.9999998265667451,ridge_exit
1743159900.0,1743159899.999999,ETH/USD,SELL,1.050109,1904.5628646660002,1999.9986052515487,1.9999986052515488,ridge_exit
1743160200.0,1743160199.999999,ETH/USD,SELL,1.048092,1908.228828033,1999.999368830763,1.999999368830763,ridge_exit
1743160500.0,1743160499.999999,ETH/USD,SELL,1.049515,1905.6416767740002,1999.9995243994647,1.9999995243994648,ridge_exit
1743960600.0,1743960599.999999,ETH/USD,BUY,1.175454,1701.4697299599998,1999.9993999604017,1.9999993999604018,ridge_entry
1743960900.0,1743960899.999999,ETH/USD,BUY,1.179556,1695.5532283689997,1999.999983842024,1.999999983842024,ridge_entry
1743961200.0,1743961199.999999,ETH/USD,BUY,1.179486,1695.6533383789997,1999.999373471293,1.999999373471293,ridge_entry
1743961500.0,1743961499.999999,ETH/USD,BUY,1.187309,1684.481061263,1999.999524367111,1.9999995243671111,ridge_entry
1743961800.0,1743961799.999999,ETH/USD,BUY,1.179535,1695.583261372,1999.999802202422,1.999999802202422,ridge_entry
1743962100.0,1743962099.999999,ETH/USD,BUY,1.184837,1687.994922614,1999.9988401252037,1.9999988401252038,ridge_entry
1743962400.0,1743962399.999999,ETH/USD,BUY,1.185801,1686.6234154769998,1999.999732696042,1.999999732696042,ridge_entry
1743962700.0,1743962699.999999,ETH/USD,BUY,1.192497,1677.1530085309998,1999.9999312141915,1.9999999312141916,ridge_entry
1743963000.0,1743962999.999999,ETH/USD,BUY,1.197034,1670.7960228959998,1999.9996464712901,1.9999996464712901,ridge_entry
1743965400.0,1743965399.999999,BTC/USD,BUY,0.025295,79064.343103746,1999.9325588092552,1.9999325588092551,ridge_entry
1743966600.0,1743966599.999999,BTC/USD,BUY,0.025297,79060.07841732,1999.9828037229438,1.999982803722944,ridge_entry
1743972600.0,1743972599.999999,ETH/USD,BUY,1.250014,1580.7971239059996,1976.018536042234,1.976018536042234,ridge_entry
1743979500.0,1743979499.999999,BTC/USD,BUY,0.025507,78406.84058006799,1999.923282675794,1.9999232826757942,ridge_entry
1743979800.0,1743979799.999999,BTC/USD,BUY,0.02554,78306.04982199999,1999.9365124538797,1.9999365124538797,ridge_entry
1743980100.0,1743980099.999999,BTC/USD,BUY,0.025611,78089.82221140098,1999.9584366561905,1.9999584366561907,ridge_entry
1743980400.0,1743980399.999999,BTC/USD,BUY,0.025591,78149.54784336699,1999.9250788596046,1.9999250788596046,ridge_entry
1743980700.0,1743980699.999999,BTC/USD,BUY,0.025622,78055.77479699999,1999.9450618487338,1.9999450618487338,ridge_entry
1743981000.0,1743980999.999999,BTC/USD,BUY,0.025734,77715.42078500199,1999.9286384812413,1.9999286384812414,ridge_entry
1743984900.0,1743984899.999999,BTC/USD,BUY,0.024776,77533.83123786299,1920.9782027492934,1.9209782027492934,ridge_entry
1743989100.0,1743989099.999999,BTC/USD,SELL,0.025258,79182.71103699,1999.9969153722934,1.9999969153722934,ridge_exit
1743990600.0,1743990599.999999,BTC/USD,SELL,0.025368,78837.730898454,1999.955557431981,1.9999555574319812,ridge_exit
1743990900.0,1743990899.999999,BTC/USD,SELL,0.025316,78999.123187611,1999.9418026175601,1.9999418026175602,ridge_exit
1743991200.0,1743991199.999999,BTC/USD,SELL,0.025298,79054.961703201,1999.932421167579,1.9999324211675789,ridge_exit
1743991500.0,1743991499.999999,BTC/USD,SELL,0.025291,79078.36593254401,1999.9709527999705,1.9999709527999705,ridge_exit
1743991800.0,1743991799.999999,BTC/USD,SELL,0.025335,78939.06931359902,1999.921321060031,1.999921321060031,ridge_exit
1743992100.0,1743992099.999999,BTC/USD,SELL,0.025333,78945.931757286,1999.9372892073263,1.9999372892073264,ridge_exit
1743997500.0,1743997499.999999,BTC/USD,BUY,0.025805,77502.486793732,1999.9516717122542,1.9999516717122543,ridge_entry
1743999600.0,1743999599.999999,BTC/USD,BUY,0.025849,77369.92111848998,1999.9350909918473,1.9999350909918474,ridge_entry
1744000200.0,1744000199.999999,BTC/USD,BUY,0.0258,77517.19295420099,1999.9435782183855,1.9999435782183854,ridge_entry
1744000500.0,1744000499.999999,BTC/USD,BUY,0.025871,77303.908577896,1999.9294188187475,1.9999294188187475,ridge_entry
1744000800.0,1744000799.999999,BTC/USD,BUY,0.025986,76963.05401584799,1999.9619216558256,1.9999619216558255,ridge_entry
1744001100.0,1744001099.999999,BTC/USD,BUY,0.02601,76891.565457707,1999.9496175549589,1.999949617554959,ridge_entry
1744007400.0,1744007399.999999,BTC/USD,BUY,0.025043,75901.397370799,1900.7986943569192,1.9007986943569193,ridge_entry
1744029000.0,1744028999.999999,BTC/USD,SELL,0.025855,77352.95580081301,1999.9606722300205,1.9999606722300205,ridge_exit
1744029300.0,1744029299.999999,BTC/USD,SELL,0.025944,77087.108528199,1999.9479436555946,1.9999479436555947,ridge_exit
1744029600.0,1744029599.999999,BTC/USD,SELL,0.02597,77011.19212059901,1999.9806593719563,1.9999806593719565,ridge_exit
1744029900.0,1744029899.999999,BTC/USD,SELL,0.026022,76857.37149420001,1999.9825210220727,1.9999825210220727,ridge_exit
1744030200.0,1744030199.999999,BTC/USD,SELL,0.025923,77149.639674459,1999.9501092810008,1.9999501092810008,ridge_exit
1744030500.0,1744030499.999999,BTC/USD,SELL,0.025873,77299.614535473,1999.9729268762928,1.999972926876293,ridge_exit
1744030800.0,1744030799.999999,BTC/USD,SELL,0.025889,77250.81826558801,1999.946434077808,1.999946434077808,ridge_exit
1744031100.0,1744031099.999999,BTC/USD,SELL,0.025936,77110.053263496,1999.9263414420323,1.9999263414420323,ridge_exit
1744031400.0,1744031399.999999,BTC/USD,SELL,0.025919,77162.33569473,1999.9705788717072,1.9999705788717073,ridge_exit
1744035300.0,1744035299.999999,ETH/USD,SELL,1.260713,1586.4031938150001,1999.9991296840901,1.9999991296840902,ridge_exit
1744035600.0,1744035599.999999,ETH/USD,SELL,1.248598,1601.7962443559998,1999.9995871104127,1.9999995871104128,ridge_exit
1744037700.0,1744037699.999999,ETH/USD,SELL,1.268469,1576.7038738439999,1999.9999861510248,1.999999986151025,ridge_exit
1744038900.0,1744038899.999999,ETH/USD,BUY,1.289445,1551.0544399349997,1999.9993923019856,1.9999993923019856,ridge_entry
1744039500.0,1744039499.999999,ETH/USD,BUY,1.293511,1546.179082448,1999.999651116395,1.9999996511163949,ridge_entry
1744039800.0,1744039799.999999,ETH/USD,BUY,1.295163,1544.2069152509998,1999.9996609772309,1.9999996609772308,ridge_entry
1744047000.0,1744046999.999999,ETH/USD,SELL,1.284459,1557.075486879,1999.9996228011134,1.9999996228011134,ridge_exit
1744047300.0,1744047299.999999,ETH/USD,SELL,1.288153,1552.6104034319999,1999.9997490121411,1.9999997490121413,ridge_exit
1744047600.0,1744047599.999999,ETH/USD,SELL,1.279272,1563.388535511,1999.999178600228,1.9999991786002282,ridge_exit
1744047900.0,1744047899.999999,ETH/USD,SELL,1.277664,1565.356368708,1999.999479468938,1.999999479468938,ridge_exit
1744048200.0,1744048199.999999,ETH/USD,SELL,1.278537,1564.2875456010001,1999.999505690066,1.999999505690066,ridge_exit
1744048500.0,1744048499.999999,ETH/USD,SELL,1.279607,1562.97898647,1999.9988519399174,1.9999988519399174,ridge_exit
1744048800.0,1744048799.999999,ETH/USD,SELL,1.278423,1564.4273916150003,1999.9999592706235,1.9999999592706237,ridge_exit
1744049100.0,1744049099.999999,ETH/USD,SELL,1.281704,1560.421802214,1999.9988655848927,1.9999988655848926,ridge_exit
1744049400.0,1744049399.999999,ETH/USD,SELL,1.28375,1557.9345409650002,1999.998466963819,1.999998466963819,ridge_exit
1744130100.0,1744130099.999999,ETH/USD,BUY,1.324108,1510.4498198789997,1999.9986901003426,1.9999986901003426,ridge_entry
1744130400.0,1744130399.999999,ETH/USD,BUY,1.335429,1497.6457495999998,1999.9995657425782,1.9999995657425782,ridge_entry
1744130700.0,1744130699.999999,ETH/USD,BUY,1.335063,1498.0562006409998,1999.9994053963753,1.9999994053963754,ridge_entry
1744131000.0,1744130999.999999,ETH/USD,BUY,1.333059,1500.308675866,1999.999983141254,1.999999983141254,ridge_entry
1744131300.0,1744131299.999999,ETH/USD,BUY,1.3415,1490.8683019229998,1999.999827029704,1.999999827029704,ridge_entry
1744131600.0,1744131599.999999,ETH/USD,BUY,1.343656,1488.4756726839998,1999.9992684558924,1.9999992684558925,ridge_entry
1744131900.0,1744131899.999999,ETH/USD,BUY,1.343096,1489.0963547459999,1999.9993576739334,1.9999993576739334,ridge_entry
1744132200.0,1744132199.999999,ETH/USD,BUY,1.35151,1479.8261678199997,1999.9998640704077,1.9999998640704078,ridge_entry
1744132500.0,1744132499.999999,ETH/USD,BUY,1.356087,1474.8306783209998,1999.9987100722897,1.9999987100722898,ridge_entry
1744161900.0,1744161899.999999,BTC/USD,BUY,0.026628,75106.53390239998,1999.9367847531066,1.9999367847531067,ridge_entry
1744162200.0,1744162199.999999,BTC/USD,BUY,0.026747,74772.74710705799,1999.9466668724801,1.9999466668724801,ridge_entry
1744173600.0,1744173599.999999,BTC/USD,SELL,0.026228,76252.217835618,1999.9431693925887,1.9999431693925889,ridge_exit
1744173900.0,1744173899.999999,BTC/USD,SELL,0.02615,76480.98593652,1999.9777822399979,1.9999777822399978,ridge_exit
1744183800.0,1744183799.999999,ETH/USD,SELL,1.353909,1477.2034348829998,1999.9990253190074,1.9999990253190074,ridge_exit
1744184100.0,1744184099.999999,ETH/USD,SELL,1.345891,1486.003744764,1999.9990660441647,1.9999990660441647,ridge_exit
1744184400.0,1744184399.999999,ETH/USD,SELL,1.348456,1483.176857481,1999.9987325313996,1.9999987325313997,ridge_exit
1744184700.0,1744184699.999999,ETH/USD,SELL,1.34385,1488.2612589900002,1999.9998928937118,1.999999892893712,ridge_exit
1744189200.0,1744189199.999999,ETH/USD,SELL,1.350576,1480.8494202480001,1999.999686600863,1.9999996866008631,ridge_exit
1744189800.0,1744189799.999999,ETH/USD,SELL,1.349583,1481.938221357,1999.998630593644,1.9999986305936441,ridge_exit
1744190100.0,1744190099.999999,ETH/USD,SELL,1.350512,1480.9193432549998,1999.9993440979963,1.9999993440979964,ridge_exit
1744193700.0,1744193699.999999,ETH/USD,SELL,1.349329,1482.217913385,1999.9996148498685,1.9999996148498687,ridge_exit
1744194600.0,1744194599.999999,ETH/USD,SELL,1.350048,1481.428782306,1999.9999646946505,1.9999999646946507,ridge_exit
1744197000.0,1744196999.999999,ETH/USD,BUY,1.374259,1455.329248373,1999.9993175398304,1.9999993175398305,ridge_entry
1744197900.0,1744197899.999999,ETH/USD,BUY,1.372107,1457.6117566009998,1999.999294514528,1.999999294514528,ridge_entry
1744198200.0,1744198199.999999,ETH/USD,BUY,1.367037,1463.0176971409999,1999.9993236465411,1.9999993236465412,ridge_entry
1744198500.0,1744198499.999999,ETH/USD,BUY,1.380069,1449.2025157609999,1999.9994667237672,1.9999994667237673,ridge_entry
1744198800.0,1744198799.999999,ETH/USD,BUY,1.381195,1448.021217643,1999.9996657024233,1.9999996657024233,ridge_entry
1744199100.0,1744199099.999999,ETH/USD,BUY,1.378212,1451.1546609559998,1999.9987675854904,1.9999987675854904,ridge_entry
1744199400.0,1744199399.999999,ETH/USD,BUY,1.370309,1459.523857792,1999.9986780470977,1.9999986780470977,ridge_entry
1744199700.0,1744199699.999999,ETH/USD,BUY,1.37459,1454.9788633379999,1999.9993957557813,1.9999993957557813,ridge_entry
1744200000.0,1744199999.999999,ETH/USD,BUY,1.372748,1456.9310085329996,1999.9991281016582,1.9999991281016583,ridge_entry
1744206000.0,1744205999.999999,ETH/USD,SELL,1.345774,1486.1336017770002,1999.9999617978408,1.9999999617978408,ridge_exit
1744206900.0,1744206899.999999,ETH/USD,SELL,1.34194,1490.3789272019999,1999.9990975694516,1.9999990975694517,ridge_exit
1744207200.0,1744207199.999999,ETH/USD,SELL,1.346,1485.8838767519999,1999.999698108192,1.999999698108192,ridge_exit
1744207500.0,1744207499.999999,ETH/USD,SELL,1.34009,1492.436661408,1999.9994455862466,1.9999994455862466,ridge_exit
1744208400.0,1744208399.999999,ETH/USD,SELL,1.348965,1482.6174734249998,1999.999080038755,1.999999080038755,ridge_exit
1744208700.0,1744208699.999999,ETH/USD,SELL,1.345556,1486.373337801,1999.9985629181622,1.9999985629181622,ridge_exit
1744209000.0,1744208999.999999,ETH/USD,SELL,1.346407,1485.4343717069999,1999.9992361069064,1.9999992361069066,ridge_exit
1744209300.0,1744209299.999999,ETH/USD,SELL,1.339668,1492.906144455,1999.998588729741,1.999998588729741,ridge_exit
1744209600.0,1744209599.999999,ETH/USD,SELL,1.348865,1482.727352436,1999.9990302435851,1.9999990302435853,ridge_exit
1746732600.0,1746732599.999999,ETH/USD,SELL,0.938105,2072.877531516,1944.5767767028171,1.9445767767028173,ridge_exit
1747448100.0,1747448099.999999,ETH/USD,BUY,0.812944,2460.1934847489997,1999.9995322657908,1.9999995322657909,ridge_entry
1747455900.0,1747455899.999999,ETH/USD,SELL,0.7997,2500.936191369,1999.9986722377892,1.9999986722377892,ridge_exit
1747598700.0,1747598699.999999,ETH/USD,BUY,0.844308,2368.8030566199996,1999.9993711287184,1.9999993711287185,ridge_entry
1747599000.0,1747598999.999999,ETH/USD,BUY,0.840016,2380.906356829,1999.9994342380692,1.9999994342380691,ridge_entry
1747599300.0,1747599299.999999,ETH/USD,BUY,0.843449,2371.215707861,1999.9995175796525,1.9999995175796526,ridge_entry
1747599600.0,1747599599.999999,ETH/USD,BUY,0.841846,2375.7306693119995,1999.9993610376296,1.9999993610376297,ridge_entry
1747599900.0,1747599899.999999,ETH/USD,BUY,0.842087,2375.0499212439995,1999.998663030596,1.999998663030596,ridge_entry
1747600200.0,1747600199.999999,ETH/USD,BUY,0.839589,2382.11768795,1999.9998075082526,1.9999998075082526,ridge_entry
1747600500.0,1747600499.999999,ETH/USD,BUY,0.83913,2383.41911808,1999.9984845544705,1.9999984845544705,ridge_entry
1747601700.0,1747601699.999999,ETH/USD,BUY,0.836383,2391.247720862,1999.998942517722,1.999998942517722,ridge_entry
1747602000.0,1747601999.999999,ETH/USD,BUY,0.834566,2396.4534413819997,1999.99856276041,1.9999985627604102,ridge_entry
1747607700.0,1747607699.999999,ETH/USD,SELL,0.824053,2427.02757297,1999.9993525886475,1.9999993525886475,ridge_exit
1747608600.0,1747608599.999999,ETH/USD,SELL,0.823426,2428.875538155,1999.999268880819,1.999999268880819,ridge_exit
1747608900.0,1747608899.999999,ETH/USD,SELL,0.821675,2434.0498406730003,1999.9979028349876,1.9999979028349877,ridge_exit
1747609200.0,1747609199.999999,ETH/USD,SELL,0.815594,2452.19985549,1999.9994889385111,1.999999488938511,ridge_exit
1747609500.0,1747609499.999999,ETH/USD,SELL,0.818354,2443.928962662,1999.9990423102981,1.9999990423102982,ridge_exit
1747609800.0,1747609799.999999,ETH/USD,SELL,0.819563,2440.322933301,1999.9983841849676,1.9999983841849676,ridge_exit
1747610100.0,1747610099.999999,ETH/USD,SELL,0.820282,2438.185287087,1999.9995036622981,1.9999995036622982,ridge_exit
1747610400.0,1747610399.999999,ETH/USD,SELL,0.820991,2436.077607876,1999.997791367725,1.9999977913677252,ridge_exit
1747610700.0,1747610699.999999,ETH/USD,SELL,0.819634,2440.11316428,1999.9997132914734,1.9999997132914735,ridge_exit
1747634400.0,1747634399.999999,ETH/USD,BUY,0.839871,2381.3168078699996,1999.9989287425844,1.9999989287425846,ridge_entry
1747634700.0,1747634699.999999,ETH/USD,BUY,0.840932,2378.3135075699993,1999.9999345478548,1.9999999345478547,ridge_entry
1747638000.0,1747637999.999999,ETH/USD,BUY,0.848799,2356.269283368,1999.9990114534748,1.999999011453475,ridge_entry
1747639200.0,1747639199.999999,ETH/USD,SELL,0.831292,2405.890846854,1999.9978138629554,1.9999978138629555,ridge_exit
1747639500.0,1747639499.999999,ETH/USD,SELL,0.831582,2405.05177077,1999.9977616404583,1.9999977616404583,ridge_exit
1747639800.0,1747639799.999999,ETH/USD,SELL,0.834772,2395.86188985,1999.998421513864,1.9999984215138642,ridge_exit
1747802400.0,1747802399.999999,BTC/USD,SELL,0.018242,107409.650040792,1959.3668360441277,1.9593668360441276,ridge_exit
1749155700.0,1749155699.999999,ETH/USD,BUY,0.813821,2457.540569484,1999.9981237980385,1.9999981237980384,ridge_entry
1749156000.0,1749155999.999999,ETH/USD,BUY,0.813904,2457.2902944589996,1999.9983998213575,1.9999983998213575,ridge_entry
1749156300.0,1749156299.999999,ETH/USD,BUY,0.825841,2421.771262911,1999.9980015336835,1.9999980015336836,ridge_entry
1749156600.0,1749156599.999999,ETH/USD,BUY,0.819749,2439.7710427089996,1999.9998724896595,1.9999998724896595,ridge_entry
1749156900.0,1749156899.999999,ETH/USD,BUY,0.828898,2412.8414500189997,1999.9994522378488,1.9999994522378488,ridge_entry
1749157200.0,1749157199.999999,ETH/USD,BUY,0.832795,2401.5490408909995,1999.9980335088198,1.9999980335088199,ridge_entry
1749157500.0,1749157499.999999,ETH/USD,BUY,0.826357,2420.2596017599994,1999.998463731588,1.999998463731588,ridge_entry
1749157800.0,1749157799.999999,ETH/USD,BUY,0.824818,2424.7745632109995,1999.9977056785704,1.9999977056785705,ridge_entry
1749158100.0,1749158099.999999,ETH/USD,BUY,0.828516,2413.95267113,1999.9984112739432,1.9999984112739433,ridge_entry
1749182400.0,1749182399.999999,ETH/USD,SELL,0.815328,2452.99897557,1999.998748753537,1.9999987487535371,ridge_exit
1749182700.0,1749182699.999999,ETH/USD,SELL,0.81491,2454.257589696,1999.9990524191676,1.9999990524191675,ridge_exit
1749183000.0,1749182999.999999,ETH/USD,SELL,0.817325,2447.0055749699995,1999.9988315623548,1.999998831562355,ridge_exit
1749183300.0,1749183299.999999,ETH/USD,SELL,0.816555,2449.313034201,1999.9988046419976,1.9999988046419976,ridge_exit
1749184200.0,1749184199.999999,ETH/USD,SELL,0.816925,2448.20425509,1999.9992610893983,1.9999992610893984,ridge_exit
1749184500.0,1749184499.999999,ETH/USD,SELL,0.8158,2451.580537428,1999.9994024337623,1.9999994024337624,ridge_exit
1749184800.0,1749184799.999999,ETH/USD,SELL,0.815959,2451.1010653800004,1999.9979742063997,1.9999979742063998,ridge_exit
1749185400.0,1749185399.999999,ETH/USD,SELL,0.814002,2456.99457597,1999.998498828732,1.999998498828732,ridge_exit
1749185700.0,1749185699.999999,ETH/USD,SELL,0.813503,2458.502915121,1999.999496959679,1.999999496959679,ridge_exit
1749761100.0,1749761099.999999,ETH/USD,BUY,0.753304,2654.9675202050003,1999.9976528405075,1.9999976528405075,ridge_entry
1749761400.0,1749761399.999999,ETH/USD,BUY,0.756597,2643.414825051,1999.9997263891114,1.9999997263891114,ridge_entry
1749761700.0,1749761699.999999,ETH/USD,BUY,0.761761,2625.495133261,1999.9997982080326,1.9999997982080326,ridge_entry
1749762000.0,1749761999.999999,ETH/USD,BUY,0.756889,2642.393702949,1999.9987274313655,1.9999987274313655,ridge_entry
1749762300.0,1749762299.999999,ETH/USD,BUY,0.755258,2648.0999735189994,1999.9986898000125,1.9999986898000126,ridge_entry
1749762600.0,1749762599.999999,ETH/USD,BUY,0.755804,2646.1878723279997,1999.9993786569917,1.9999993786569916,ridge_entry
1749762900.0,1749762899.999999,ETH/USD,BUY,0.755458,2647.3992034489993,1999.998907439174,1.999998907439174,ridge_entry
1749763200.0,1749763199.999999,ETH/USD,BUY,0.754516,2650.702833779,1999.9976993315956,1.9999976993315958,ridge_entry
1749763500.0,1749763499.999999,ETH/USD,BUY,0.752669,2657.2099844289996,1999.9995817701908,1.999999581770191,ridge_entry
1749800400.0,1749800399.999999,ETH/USD,SELL,0.791853,2525.71890285,1999.9980903784813,1.9999980903784813,ridge_exit
1749800700.0,1749800699.999999,ETH/USD,SELL,0.791105,2528.106274089,1999.9975139631783,1.9999975139631785,ridge_exit
1749801300.0,1749801299.999999,ETH/USD,SELL,0.792104,2524.91978277,1999.9990596112482,1.9999990596112482,ridge_exit
1749801600.0,1749801599.999999,ETH/USD,SELL,0.792493,2523.6811466460003,1999.9996429489288,1.9999996429489288,ridge_exit
1749801900.0,1749801899.999999,ETH/USD,SELL,0.791957,2525.389265817,1999.9997067886338,1.999999706788634,ridge_exit
1749802200.0,1749802199.999999,ETH/USD,SELL,0.79005,2531.482556427,1999.9977937051515,1.9999977937051516,ridge_exit
1749802500.0,1749802499.999999,ETH/USD,SELL,0.788482,2536.517012931,1999.9980073898607,1.9999980073898607,ridge_exit
1749802800.0,1749802799.999999,ETH/USD,SELL,0.7892,2534.2095537000005,1999.9981797800403,1.9999981797800404,ridge_exit
1749803100.0,1749803099.999999,ETH/USD,SELL,0.772406,2529.684536247,1953.9435139044003,1.9539435139044004,ridge_exit
1750175400.0,1750175399.999999,ETH/USD,BUY,0.800889,2497.224177448,1999.999374252151,1.9999993742521511,ridge_entry
1750178100.0,1750178099.999999,ETH/USD,BUY,0.805123,2484.089744136,1999.9977870680086,1.9999977870680086,ridge_entry
1750179300.0,1750179299.999999,ETH/USD,BUY,0.811069,2465.879733317,1999.998609421686,1.9999986094216862,ridge_entry
1750179600.0,1750179599.999999,ETH/USD,BUY,0.811557,2464.398105169,1999.9995330366378,1.9999995330366378,ridge_entry
1750179900.0,1750179899.999999,ETH/USD,BUY,0.812309,2462.1155969409997,1999.9986584355463,1.9999986584355463,ridge_entry
1750180200.0,1750180199.999999,ETH/USD,BUY,0.810089,2468.863011615,1999.9987682161834,1.9999987682161835,ridge_entry
1750180500.0,1750180499.999999,ETH/USD,BUY,0.811369,2464.9687322259997,1999.9992152974771,1.9999992152974773,ridge_entry
1750180800.0,1750180799.999999,ETH/USD,BUY,0.809121,2471.8162569099995,1999.9984416072757,1.9999984416072758,ridge_entry
1750181100.0,1750181099.999999,ETH/USD,BUY,0.807352,2477.232208451,1999.9983779573317,1.9999983779573318,ridge_entry
1750196100.0,1750196099.999999,ETH/USD,SELL,0.793451,2520.634501341,1999.9999657235178,1.999999965723518,ridge_exit
1750196400.0,1750196399.999999,ETH/USD,SELL,0.793734,2519.7354912510004,1999.9997304126216,1.9999997304126216,ridge_exit
1750196700.0,1750196699.999999,ETH/USD,SELL,0.793888,2519.246030202,1999.9991924250055,1.9999991924250056,ridge_exit
1750197300.0,1750197299.999999,ETH/USD,SELL,0.794792,2516.3791869150004,1999.9980467265473,1.9999980467265472,ridge_exit
1750197600.0,1750197599.999999,ETH/USD,SELL,0.794616,2516.938570971,1999.999659510692,1.9999996595106921,ridge_exit
1750199700.0,1750199699.999999,ETH/USD,SELL,0.797693,2507.229261999,1999.999231691768,1.999999231691768,ridge_exit
1750200000.0,1750199999.999999,ETH/USD,SELL,0.798262,2505.44123082,1999.9985277968349,1.9999985277968348,ridge_exit
1750200300.0,1750200299.999999,ETH/USD,SELL,0.797686,2507.249240001,1999.9976172594377,1.9999976172594378,ridge_exit
1750200600.0,1750200599.999999,ETH/USD,SELL,0.797979,2506.3302519090003,1999.998908088092,1.9999989080880922,ridge_exit
1750440900.0,1750440899.999999,ETH/USD,BUY,0.832369,2402.7803940139997,1999.999913785039,1.999999913785039,ridge_entry
1750441200.0,1750441199.999999,ETH/USD,BUY,0.837705,2387.4735734849996,1999.9985498762517,1.9999985498762518,ridge_entry
1750441500.0,1750441499.999999,ETH/USD,BUY,0.828719,2413.3620220709995,1999.9989615686566,1.9999989615686566,ridge_entry
1750442100.0,1750442099.999999,ETH/USD,BUY,0.830376,2408.5467305899997,1999.9993999604017,1.9999993999604018,ridge_entry
1750446900.0,1750446899.999999,ETH/USD,BUY,0.832445,2402.5601519919996,1999.9991857249802,1.9999991857249801,ridge_entry
1750462800.0,1750462799.999999,ETH/USD,SELL,0.833216,2400.336962298,1999.9991623780902,1.9999991623780902,ridge_exit
1750463700.0,1750463699.999999,ETH/USD,SELL,0.832163,2403.373618602,1999.9986005766962,1.999998600576696,ridge_exit
1750465800.0,1750465799.999999,ETH/USD,SELL,0.829615,2410.755490341,1999.9989161192486,1.9999989161192486,ridge_exit
1750466100.0,1750466099.999999,ETH/USD,SELL,0.830792,2407.3392519989998,1999.998191846753,1.9999981918467529,ridge_exit
1750466400.0,1750466399.999999,ETH/USD,SELL,0.82979,2410.24605129,1999.9980708999294,1.9999980708999294,ridge_exit
1750541700.0,1750541699.999999,ETH/USD,BUY,0.876382,2282.1077879599998,1999.9981874279606,1.9999981874279606,ridge_entry
1750542000.0,1750541999.999999,ETH/USD,BUY,0.873998,2288.334630582,1999.999890459407,1.999999890459407,ridge_entry
1750543200.0,1750543199.999999,ETH/USD,BUY,0.875537,2284.31020818,1999.9981067392926,1.9999981067392927,ridge_entry
1750548600.0,1750548599.999999,ETH/USD,BUY,0.883311,2264.2081181719996,1999.999937070627,1.9999999370706272,ridge_entry
1750548900.0,1750548899.999999,ETH/USD,BUY,0.895594,2233.1539930699996,1999.9993172695333,1.9999993172695334,ridge_entry
1750549200.0,1750549199.999999,ETH/USD,BUY,0.891318,2243.8657641399996,1999.9979451617362,1.9999979451617362,ridge_entry
1750549500.0,1750549499.999999,ETH/USD,BUY,0.89176,2242.7545430289997,1999.9987912915408,1.999998791291541,ridge_entry
1750557600.0,1750557599.999999,ETH/USD,BUY,0.881444,2269.003387651,1999.999422024648,1.9999994220246482,ridge_entry
1750558200.0,1750558199.999999,ETH/USD,BUY,0.883596,2263.4773150989995,1999.9995017122158,1.9999995017122159,ridge_entry
1750566900.0,1750566899.999999,ETH/USD,SELL,0.876363,2282.157091467,1999.9980351492945,1.9999980351492945,ridge_exit
1750567800.0,1750567799.999999,ETH/USD,SELL,0.877281,2279.769720228,1999.9986599313402,1.9999986599313402,ridge_exit
1750568100.0,1750568099.999999,ETH/USD,SELL,0.877231,2279.899577241,1999.9985860426996,1.9999985860426996,ridge_exit
1750568400.0,1750568399.999999,ETH/USD,SELL,0.877431,2279.380149189,1999.9988036830532,1.9999988036830532,ridge_exit
1750568700.0,1750568699.999999,ETH/USD,SELL,0.875092,2285.4734397989996,1999.9995233805862,1.9999995233805863,ridge_exit
1750569000.0,1750568999.999999,ETH/USD,SELL,0.87513,2285.373549789,1999.9989546268478,1.9999989546268477,ridge_exit
1750569300.0,1750569299.999999,ETH/USD,SELL,0.875115,2285.4135057930002,1999.9996401220415,1.9999996401220415,ridge_exit
1750569600.0,1750569599.999999,ETH/USD,SELL,0.873027,2290.87748934,1999.9979018860322,1.9999979018860323,ridge_exit
1750569900.0,1750569899.999999,ETH/USD,SELL,0.876145,2282.7264645239998,1999.9993782603797,1.9999993782603798,ridge_exit
1750598700.0,1750598699.999999,ETH/USD,BUY,0.895987,2232.1729149719995,1999.997913567017,1.999997913567017,ridge_entry
1750599000.0,1750598999.999999,ETH/USD,BUY,0.909849,2198.165544575,1999.998722566019,1.9999987225660192,ridge_entry
1750599300.0,1750599299.999999,ETH/USD,BUY,0.908504,2201.4191198999997,1999.9980761056293,1.9999980761056293,ridge_entry
1750599600.0,1750599599.999999,ETH/USD,BUY,0.910077,2197.6149395199996,1999.9988113135428,1.9999988113135427,ridge_entry
1750599900.0,1750599899.999999,ETH/USD,BUY,0.915322,2185.0211002619994,1999.9978835340137,1.9999978835340138,ridge_entry
1750600200.0,1750600199.999999,ETH/USD,BUY,0.906789,2205.5836963159995,1999.9990343986888,1.9999990343986889,ridge_entry
1750600500.0,1750600499.999999,ETH/USD,BUY,0.908765,2200.788426837,1999.9994947145262,1.9999994947145263,ridge_entry
1750600800.0,1750600799.999999,ETH/USD,BUY,0.90812,2202.3501429929997,1999.998211854803,1.999998211854803,ridge_entry
1750601100.0,1750601099.999999,ETH/USD,BUY,0.906653,2205.9140593489997,1999.9985996509488,1.9999985996509488,ridge_entry
1750627500.0,1750627499.999999,ETH/USD,SELL,0.915359,2184.9341447340003,1999.99913378957,1.99999913378957,ridge_exit
1750628100.0,1750628099.999999,ETH/USD,SELL,0.91794,2178.790909119,1999.9993271166948,1.9999993271166947,ridge_exit
1750628400.0,1750628399.999999,ETH/USD,SELL,0.919149,2175.9240658320005,1999.9984291854173,1.9999984291854174,ridge_exit
1750628700.0,1750628699.999999,ETH/USD,SELL,0.915476,2184.654452706,1999.998719745478,1.999998719745478,ridge_exit
1750629000.0,1750628999.999999,ETH/USD,SELL,0.917763,2179.2104471610005,1999.9987176178213,1.9999987176178213,ridge_exit
1750629300.0,1750629299.999999,ETH/USD,SELL,0.918563,2177.312536971,1999.9987358976928,1.9999987358976927,ridge_exit
1750629600.0,1750629599.999999,ETH/USD,SELL,0.91882,2176.70320791,1999.998441491866,1.9999984414918661,ridge_exit
1750629900.0,1750629899.999999,ETH/USD,SELL,0.912913,2190.78769932,1999.998570949319,1.9999985709493189,ridge_exit
1750630200.0,1750630199.999999,ETH/USD,SELL,0.901409,2218.746913119,1999.9984362076848,1.9999984362076848,ridge_exit
1751328000.0,,BTC/USD,SELL,9.71445146547012e-17,107028.64956465001,1.0397246216106022e-11,1.0397246216106022e-14,terminal_liquidation
1751328000.0,,ETH/USD,SELL,0.12561400000000422,2482.7362315469995,311.8664289895553,0.3118664289895553,terminal_liquidation
